{
  "K": [
    [
      2944.738891849689,
      0.0,
      1271.277276119622
    ],
    [
      0.0,
      2945.020052325181,
      932.8880659656849
    ],
    [
      0.0,
      0.0,
      1.0
    ]
  ],
  "D": [
    [
      -0.4402040948058384,
      0.26416390484297736,
      -0.00071150467839335,
      0.00013960012128018417,
      -0.08296969936371298
    ]
  ],
  "img_size": [
    2592,
    1944
  ],
  "rms": 0.27842316031455994,
  "camera_height_m": null
}