{
  "K": [
    [
      4474.012339936985,
      0.0,
      1469.2218083060566
    ],
    [
      0.0,
      4280.35654515631,
      912.5586967285765
    ],
    [
      0.0,
      0.0,
      1.0
    ]
  ],
  "D": [
    [
      -0.7017332444363766,
      -1.4375573915018642,
      0.0038935022646015157,
      -0.06895107390359796,
      4.519237074713565
    ]
  ],
  "img_size": [
    2592,
    1944
  ],
  "rms": 1.4983943715890404
}